{"action": "zoom", "payload": {"delta": 0.7648932535183789}, "ts": 1763770844.6833394}