{"action": "zoom", "payload": {"delta": 0.5677116868805908}, "ts": 1763779074.49131}